PRAGMA foreign_keys=OFF;
BEGIN TRANSACTION;
CREATE TABLE IF NOT EXISTS "django_migrations" ("id" integer NOT NULL PRIMARY KEY AUTOINCREMENT, "app" varchar(255) NOT NULL, "name" varchar(255) NOT NULL, "applied" datetime NOT NULL);
INSERT INTO django_migrations VALUES(1,'contenttypes','0001_initial','2024-03-24 22:49:40.294113');
INSERT INTO django_migrations VALUES(2,'auth','0001_initial','2024-03-24 22:49:40.314508');
INSERT INTO django_migrations VALUES(3,'admin','0001_initial','2024-03-24 22:49:40.327563');
INSERT INTO django_migrations VALUES(4,'admin','0002_logentry_remove_auto_add','2024-03-24 22:49:40.341713');
INSERT INTO django_migrations VALUES(5,'admin','0003_logentry_add_action_flag_choices','2024-03-24 22:49:40.351530');
INSERT INTO django_migrations VALUES(6,'contenttypes','0002_remove_content_type_name','2024-03-24 22:49:40.369006');
INSERT INTO django_migrations VALUES(7,'auth','0002_alter_permission_name_max_length','2024-03-24 22:49:40.379520');
INSERT INTO django_migrations VALUES(8,'auth','0003_alter_user_email_max_length','2024-03-24 22:49:40.389614');
INSERT INTO django_migrations VALUES(9,'auth','0004_alter_user_username_opts','2024-03-24 22:49:40.398953');
INSERT INTO django_migrations VALUES(10,'auth','0005_alter_user_last_login_null','2024-03-24 22:49:40.409018');
INSERT INTO django_migrations VALUES(11,'auth','0006_require_contenttypes_0002','2024-03-24 22:49:40.413214');
INSERT INTO django_migrations VALUES(12,'auth','0007_alter_validators_add_error_messages','2024-03-24 22:49:40.434635');
INSERT INTO django_migrations VALUES(13,'auth','0008_alter_user_username_max_length','2024-03-24 22:49:40.447979');
INSERT INTO django_migrations VALUES(14,'auth','0009_alter_user_last_name_max_length','2024-03-24 22:49:40.466171');
INSERT INTO django_migrations VALUES(15,'auth','0010_alter_group_name_max_length','2024-03-24 22:49:40.478959');
INSERT INTO django_migrations VALUES(16,'auth','0011_update_proxy_permissions','2024-03-24 22:49:40.489754');
INSERT INTO django_migrations VALUES(17,'auth','0012_alter_user_first_name_max_length','2024-03-24 22:49:40.502861');
INSERT INTO django_migrations VALUES(18,'djangoapp','0001_initial','2024-03-24 22:49:40.515740');
INSERT INTO django_migrations VALUES(19,'sessions','0001_initial','2024-03-24 22:49:40.525409');
INSERT INTO django_migrations VALUES(20,'djangoapp','0002_dealership_review','2024-03-24 22:51:38.790853');
CREATE TABLE IF NOT EXISTS "auth_group_permissions" ("id" integer NOT NULL PRIMARY KEY AUTOINCREMENT, "group_id" integer NOT NULL REFERENCES "auth_group" ("id") DEFERRABLE INITIALLY DEFERRED, "permission_id" integer NOT NULL REFERENCES "auth_permission" ("id") DEFERRABLE INITIALLY DEFERRED);
CREATE TABLE IF NOT EXISTS "auth_user_groups" ("id" integer NOT NULL PRIMARY KEY AUTOINCREMENT, "user_id" integer NOT NULL REFERENCES "auth_user" ("id") DEFERRABLE INITIALLY DEFERRED, "group_id" integer NOT NULL REFERENCES "auth_group" ("id") DEFERRABLE INITIALLY DEFERRED);
CREATE TABLE IF NOT EXISTS "auth_user_user_permissions" ("id" integer NOT NULL PRIMARY KEY AUTOINCREMENT, "user_id" integer NOT NULL REFERENCES "auth_user" ("id") DEFERRABLE INITIALLY DEFERRED, "permission_id" integer NOT NULL REFERENCES "auth_permission" ("id") DEFERRABLE INITIALLY DEFERRED);
CREATE TABLE IF NOT EXISTS "django_admin_log" ("id" integer NOT NULL PRIMARY KEY AUTOINCREMENT, "object_id" text NULL, "object_repr" varchar(200) NOT NULL, "action_flag" smallint unsigned NOT NULL CHECK ("action_flag" >= 0), "change_message" text NOT NULL, "content_type_id" integer NULL REFERENCES "django_content_type" ("id") DEFERRABLE INITIALLY DEFERRED, "user_id" integer NOT NULL REFERENCES "auth_user" ("id") DEFERRABLE INITIALLY DEFERRED, "action_time" datetime NOT NULL);
CREATE TABLE IF NOT EXISTS "django_content_type" ("id" integer NOT NULL PRIMARY KEY AUTOINCREMENT, "app_label" varchar(100) NOT NULL, "model" varchar(100) NOT NULL);
INSERT INTO django_content_type VALUES(1,'djangoapp','carmake');
INSERT INTO django_content_type VALUES(2,'djangoapp','carmodel');
INSERT INTO django_content_type VALUES(3,'admin','logentry');
INSERT INTO django_content_type VALUES(4,'auth','permission');
INSERT INTO django_content_type VALUES(5,'auth','group');
INSERT INTO django_content_type VALUES(6,'auth','user');
INSERT INTO django_content_type VALUES(7,'contenttypes','contenttype');
INSERT INTO django_content_type VALUES(8,'sessions','session');
INSERT INTO django_content_type VALUES(9,'djangoapp','dealership');
INSERT INTO django_content_type VALUES(10,'djangoapp','review');
CREATE TABLE IF NOT EXISTS "auth_permission" ("id" integer NOT NULL PRIMARY KEY AUTOINCREMENT, "content_type_id" integer NOT NULL REFERENCES "django_content_type" ("id") DEFERRABLE INITIALLY DEFERRED, "codename" varchar(100) NOT NULL, "name" varchar(255) NOT NULL);
INSERT INTO auth_permission VALUES(1,1,'add_carmake','Can add car make');
INSERT INTO auth_permission VALUES(2,1,'change_carmake','Can change car make');
INSERT INTO auth_permission VALUES(3,1,'delete_carmake','Can delete car make');
INSERT INTO auth_permission VALUES(4,1,'view_carmake','Can view car make');
INSERT INTO auth_permission VALUES(5,2,'add_carmodel','Can add car model');
INSERT INTO auth_permission VALUES(6,2,'change_carmodel','Can change car model');
INSERT INTO auth_permission VALUES(7,2,'delete_carmodel','Can delete car model');
INSERT INTO auth_permission VALUES(8,2,'view_carmodel','Can view car model');
INSERT INTO auth_permission VALUES(9,3,'add_logentry','Can add log entry');
INSERT INTO auth_permission VALUES(10,3,'change_logentry','Can change log entry');
INSERT INTO auth_permission VALUES(11,3,'delete_logentry','Can delete log entry');
INSERT INTO auth_permission VALUES(12,3,'view_logentry','Can view log entry');
INSERT INTO auth_permission VALUES(13,4,'add_permission','Can add permission');
INSERT INTO auth_permission VALUES(14,4,'change_permission','Can change permission');
INSERT INTO auth_permission VALUES(15,4,'delete_permission','Can delete permission');
INSERT INTO auth_permission VALUES(16,4,'view_permission','Can view permission');
INSERT INTO auth_permission VALUES(17,5,'add_group','Can add group');
INSERT INTO auth_permission VALUES(18,5,'change_group','Can change group');
INSERT INTO auth_permission VALUES(19,5,'delete_group','Can delete group');
INSERT INTO auth_permission VALUES(20,5,'view_group','Can view group');
INSERT INTO auth_permission VALUES(21,6,'add_user','Can add user');
INSERT INTO auth_permission VALUES(22,6,'change_user','Can change user');
INSERT INTO auth_permission VALUES(23,6,'delete_user','Can delete user');
INSERT INTO auth_permission VALUES(24,6,'view_user','Can view user');
INSERT INTO auth_permission VALUES(25,7,'add_contenttype','Can add content type');
INSERT INTO auth_permission VALUES(26,7,'change_contenttype','Can change content type');
INSERT INTO auth_permission VALUES(27,7,'delete_contenttype','Can delete content type');
INSERT INTO auth_permission VALUES(28,7,'view_contenttype','Can view content type');
INSERT INTO auth_permission VALUES(29,8,'add_session','Can add session');
INSERT INTO auth_permission VALUES(30,8,'change_session','Can change session');
INSERT INTO auth_permission VALUES(31,8,'delete_session','Can delete session');
INSERT INTO auth_permission VALUES(32,8,'view_session','Can view session');
INSERT INTO auth_permission VALUES(33,9,'add_dealership','Can add dealership');
INSERT INTO auth_permission VALUES(34,9,'change_dealership','Can change dealership');
INSERT INTO auth_permission VALUES(35,9,'delete_dealership','Can delete dealership');
INSERT INTO auth_permission VALUES(36,9,'view_dealership','Can view dealership');
INSERT INTO auth_permission VALUES(37,10,'add_review','Can add review');
INSERT INTO auth_permission VALUES(38,10,'change_review','Can change review');
INSERT INTO auth_permission VALUES(39,10,'delete_review','Can delete review');
INSERT INTO auth_permission VALUES(40,10,'view_review','Can view review');
CREATE TABLE IF NOT EXISTS "auth_group" ("id" integer NOT NULL PRIMARY KEY AUTOINCREMENT, "name" varchar(150) NOT NULL UNIQUE);
CREATE TABLE IF NOT EXISTS "auth_user" ("id" integer NOT NULL PRIMARY KEY AUTOINCREMENT, "password" varchar(128) NOT NULL, "last_login" datetime NULL, "is_superuser" bool NOT NULL, "username" varchar(150) NOT NULL UNIQUE, "last_name" varchar(150) NOT NULL, "email" varchar(254) NOT NULL, "is_staff" bool NOT NULL, "is_active" bool NOT NULL, "date_joined" datetime NOT NULL, "first_name" varchar(150) NOT NULL);
INSERT INTO auth_user VALUES(1,'pbkdf2_sha256$600000$DgTbYb6jhAqTBx4S4Z21nB$kV9t2GXLMD1/ZVHfz+PWXz18+jsIcjjcIHyHMv/rGVw=','2024-03-24 23:51:15.856098',1,'root','','admin@example.com',1,1,'2024-03-24 23:44:42.054320','');
CREATE TABLE IF NOT EXISTS "djangoapp_carmake" ("id" integer NOT NULL PRIMARY KEY AUTOINCREMENT, "name" varchar(100) NOT NULL, "description" text NOT NULL);
INSERT INTO djangoapp_carmake VALUES(1,'Toyota','Description for Toyota');
INSERT INTO djangoapp_carmake VALUES(2,'Ford','Description for Ford');
INSERT INTO djangoapp_carmake VALUES(3,'Honda','Description for Honda');
CREATE TABLE IF NOT EXISTS "djangoapp_carmodel" ("id" integer NOT NULL PRIMARY KEY AUTOINCREMENT, "name" varchar(100) NOT NULL, "type" varchar(10) NOT NULL, "year" integer NOT NULL, "car_make_id" bigint NOT NULL REFERENCES "djangoapp_carmake" ("id") DEFERRABLE INITIALLY DEFERRED);
INSERT INTO djangoapp_carmodel VALUES(1,'Corolla','SEDAN',2023,1);
INSERT INTO djangoapp_carmodel VALUES(2,'Mustang','SEDAN',2023,1);
INSERT INTO djangoapp_carmodel VALUES(3,'Civic','SEDAN',2023,1);
CREATE TABLE IF NOT EXISTS "django_session" ("session_key" varchar(40) NOT NULL PRIMARY KEY, "session_data" text NOT NULL, "expire_date" datetime NOT NULL);
INSERT INTO django_session VALUES('ekdyqdroyi9qzkzgzxdyuokqzc078r1x','.eJxVjDsOwjAQBe_iGln-4exS0ucMltfr4ACypTipEHeHSCmgfTPzXiLEbS1h63kJM4uL0OL0u1FMj1x3wPdYb02mVtdlJrkr8qBdjo3z83q4fwcl9vKtbYaBgDmjJrKgSRmXFEZnzhNMrExUCryzqLXx5MGRRWWIEHDIjCjeH9WcNxw:1roXcR:TISMxxIfev80QOJafyLDfPVgmWMg7SAIVeMTuZxYe0o','2024-04-07 23:51:15.860529');
CREATE TABLE IF NOT EXISTS "djangoapp_dealership" ("id" integer NOT NULL PRIMARY KEY AUTOINCREMENT, "name" varchar(100) NOT NULL, "address" varchar(200) NOT NULL);
CREATE TABLE IF NOT EXISTS "djangoapp_review" ("id" integer NOT NULL PRIMARY KEY AUTOINCREMENT, "text" text NOT NULL, "rating" integer NOT NULL, "dealer_id" bigint NOT NULL REFERENCES "djangoapp_dealership" ("id") DEFERRABLE INITIALLY DEFERRED);
DELETE FROM sqlite_sequence;
INSERT INTO sqlite_sequence VALUES('django_migrations',20);
INSERT INTO sqlite_sequence VALUES('django_admin_log',0);
INSERT INTO sqlite_sequence VALUES('django_content_type',10);
INSERT INTO sqlite_sequence VALUES('auth_permission',40);
INSERT INTO sqlite_sequence VALUES('auth_group',0);
INSERT INTO sqlite_sequence VALUES('auth_user',1);
INSERT INTO sqlite_sequence VALUES('djangoapp_carmake',3);
INSERT INTO sqlite_sequence VALUES('djangoapp_carmodel',3);
CREATE UNIQUE INDEX "auth_group_permissions_group_id_permission_id_0cd325b0_uniq" ON "auth_group_permissions" ("group_id", "permission_id");
CREATE INDEX "auth_group_permissions_group_id_b120cbf9" ON "auth_group_permissions" ("group_id");
CREATE INDEX "auth_group_permissions_permission_id_84c5c92e" ON "auth_group_permissions" ("permission_id");
CREATE UNIQUE INDEX "auth_user_groups_user_id_group_id_94350c0c_uniq" ON "auth_user_groups" ("user_id", "group_id");
CREATE INDEX "auth_user_groups_user_id_6a12ed8b" ON "auth_user_groups" ("user_id");
CREATE INDEX "auth_user_groups_group_id_97559544" ON "auth_user_groups" ("group_id");
CREATE UNIQUE INDEX "auth_user_user_permissions_user_id_permission_id_14a6b632_uniq" ON "auth_user_user_permissions" ("user_id", "permission_id");
CREATE INDEX "auth_user_user_permissions_user_id_a95ead1b" ON "auth_user_user_permissions" ("user_id");
CREATE INDEX "auth_user_user_permissions_permission_id_1fbb5f2c" ON "auth_user_user_permissions" ("permission_id");
CREATE INDEX "django_admin_log_content_type_id_c4bce8eb" ON "django_admin_log" ("content_type_id");
CREATE INDEX "django_admin_log_user_id_c564eba6" ON "django_admin_log" ("user_id");
CREATE UNIQUE INDEX "django_content_type_app_label_model_76bd3d3b_uniq" ON "django_content_type" ("app_label", "model");
CREATE UNIQUE INDEX "auth_permission_content_type_id_codename_01ab375a_uniq" ON "auth_permission" ("content_type_id", "codename");
CREATE INDEX "auth_permission_content_type_id_2f476e4b" ON "auth_permission" ("content_type_id");
CREATE INDEX "djangoapp_carmodel_car_make_id_8851cef1" ON "djangoapp_carmodel" ("car_make_id");
CREATE INDEX "django_session_expire_date_a5c62663" ON "django_session" ("expire_date");
CREATE INDEX "djangoapp_review_dealer_id_75187272" ON "djangoapp_review" ("dealer_id");
COMMIT;
